<?xml version="1.0" encoding="UTF-8"?>
<Configuration status="WARN">
    <Appenders>
        <File name="FileLogger" fileName="logs/app.log" append="true">
            <PatternLayout pattern="%d [%t] %-5level: %msg%n%throwable"/>
        </File>
        <Console name="ConsoleLogger" target="SYSTEM_OUT">
            <PatternLayout pattern="%d [%t] %-5level: %msg%n%throwable"/>
        </Console>
    </Appenders>
    <Loggers>
        <Root level="info">
            <AppenderRef ref="FileLogger"/>
            <AppenderRef ref="ConsoleLogger"/>
        </Root>
    </Loggers>
</Configuration>
